cluster,0,1,2,3,4,5,6,7
0.0,-0.5916527352300935,0.17122722203761387,-0.28219684699541614,-0.8624603457397509,0.8788922895606578,-0.2492286211893133,-0.24162535609199967,-0.37451621918925093
6.0,-0.6111808743891493,-0.6615690479714208,3.8285130911986505,0.666514881139572,-0.6911640209469577,-0.2770583806045504,-0.34812829382356214,-0.7252726171787442
9.0,-0.3140321103666778,1.0452719478182966,1.5804048106899244,-0.2237781927485955,-0.9277312200599813,-0.2664587524998777,-0.2320454028642204,0.36455194521505013
10.0,1.0264855754577167,-0.6720143819749416,-0.4167840060006816,0.9723361815483129,-0.9761505201357732,2.844190566484924,-0.28763699747124727,-1.0362216795527732
0.0,-0.6260867749743512,0.06188482670278181,-0.11339038158422646,-0.8799028309744943,0.7165074693908475,-0.27209880747413734,-0.12814200745682286,-0.34264965197337194
0.0,-0.5959915962639085,0.19823794068094083,-0.2621586549362185,-0.7868314321732434,0.8706205682682192,-0.26392228285139635,-0.12414556562236835,-0.45315801963239255
3.0,-0.6009530358664831,-0.42321458782637333,5.864540944440947,0.35426288425365754,-0.8323282189741061,-0.059151127856045,-0.26965506586441534,-0.7498361205861178
9.0,-0.326581711451736,0.8136619566990808,1.3892565706399467,-0.2225372609331681,-0.9681013685658163,-0.26027354448398266,-0.3312765185456465,0.46358177275334883
0.0,-0.6114604616482482,0.2475162455703691,-0.003881264681922958,-0.8710186664072852,0.8968030243709003,-0.24588703158210393,-0.24416746647657633,-0.33597371736593273
8.0,-0.659387184452467,-0.7047044376636087,-0.8713535035367022,-1.2773279545504528,-1.0693264428222506,-0.2529255052516034,-0.04379122513245093,-0.675874983891691
0.0,-0.5977596665721727,0.2588714539805512,-0.1195534675373982,-0.8367377451018855,0.9086491909473811,-0.2888638049135308,-0.10118217357340904,-0.35716870625371094
0.0,-0.5702736247522271,0.25201707549770247,-0.08181033927491674,-0.8704475258889189,0.8059230579751652,-0.24090089211362137,-0.27093698900716123,-0.25877006708335804
0.0,-0.6045578992328835,0.12111438366961669,-0.15008757291466066,-0.8701042218163304,0.8764923468857757,-0.2641713436872478,-0.12100863645652003,-0.3761814571322792
0.0,-0.5939731383822257,0.25938115369045867,-0.1194528712286481,-0.782759787335395,0.7941678136892959,-0.24611472712225646,-0.30303856284447184,-0.3347725088395164
0.0,-0.5991809167407741,0.23034536790320378,-0.0036987294594397757,-0.8923563638208607,0.6855034754368594,-0.2687071241370815,-0.10382362721244583,-0.1909669208343695
9.0,-0.3509710723278264,1.030324202480162,1.3261632556745775,-0.36738276383498014,-0.9660888521058609,-0.23450128294422878,-0.17030449194066347,0.38261830828709426
0.0,-0.5955611724730228,0.25650676877478684,-0.1387616206546971,-0.8167900759767616,0.8148312822275681,-0.2542591168504364,0.07075511039160098,-0.40515029152354115
0.0,-0.574572824366301,0.09714268551549526,-0.25929013442577636,-0.8543211793509259,0.5988916459433276,-0.268368976630438,-0.037791904383999764,-0.41883685098654977
0.0,-0.5803665437825407,0.03300952706711821,-0.08255020146546611,-0.8353067034780125,1.0166586834299602,-0.2661193335430399,-0.24242988785254943,-0.44699083327860534
0.0,-0.5773756217180088,-0.042928583890147615,-0.09842483572999651,-0.8286142057958205,0.7286894010255727,-0.2528831831994713,-0.2224393679852298,-0.4599309011432227
9.0,-0.35121760945069685,0.8476519526047575,1.4731620797645302,-0.2712984770457405,-0.9737605968977374,-0.2670659214040597,-0.19902492164249552,0.3352388127106752
4.0,-0.5955150701378263,-0.643168686285945,-0.6350667160698719,0.8698945807752128,-0.9579952322028623,-0.2875597893850256,3.6464269848468,-0.78464491241697
0.0,-0.5868494683217589,0.13316617281053808,-0.016847467360065968,-0.8608304644225886,0.6393312405740903,-0.22968601797308616,-0.07050582857870236,-0.40784232182544206
6.0,-0.6367824536640951,-0.6495930627784677,2.850237451499027,0.730785243285689,-0.7147924126617705,-0.2684215955338043,-0.38354123161431153,-0.7948043744533885
0.0,-0.562552781762541,0.09950246784453184,-0.12190815165535243,-0.8571363049500498,0.825254343448459,-0.2692535109028833,-0.05947836624004073,-0.5045841256774267
4.0,-0.6341381937760775,-0.6358837578241892,-0.5447803763867016,1.1525446045697993,-0.9450631903246156,-0.2953257704041286,3.642315660764123,-0.8242570218005185
0.0,-0.5969621850747372,0.21264161376549903,-0.06718510632426172,-0.8785068892188519,0.7664575642309609,-0.24007498378827535,-0.12469673382956639,-0.18835498804210624
0.0,-0.598292202385341,0.12566140243663165,-0.14940063112971586,-0.8359179360477411,0.9422286391194992,-0.23765867109987301,-0.15223868411713717,-0.3755433137689523
0.0,-0.6206246876418583,0.13648826374275486,-0.24689487732517623,-0.78499402920532,0.8392944884507629,-0.21278403381863636,-0.11644476374430154,-0.41706211792778647
0.0,-0.6190260050370967,0.06449081372674514,-0.09729074758144866,-0.8890310438308977,0.572287537234217,-0.2544692739803923,-0.10441536841471127,-0.34137640073663633
0.0,-0.5988811156573394,0.09957529820440582,-0.2280044561084863,-0.8575756928204985,0.6143379307768678,-0.24155503195560846,-0.09620148516668614,-0.5134140800247162
10.0,1.103682282471408,-0.6777633080684293,-0.3679390109475541,1.211284468716174,-0.9575645293102119,3.80924078716128,-0.3592397821880646,-0.9995324736451818
4.0,-0.6334755905536612,-0.6161842624959056,-0.5888322988583755,1.3529944869475752,-0.9515239245011553,-0.2671718282238493,3.7178489904184566,-0.7387233164264428
4.0,-0.62963016769419,-0.6162514361158798,-0.3873128039213455,1.1552944331932202,-0.9544517205978947,-0.27582295427126924,4.0975121438833755,-0.7219917917773526
0.0,-0.5839299505839358,0.18572926783753615,-0.09043177058130167,-0.8527888889141921,0.8312153399985194,-0.2569573508398751,-0.1333687492516947,-0.34444641049734376
0.0,-0.5822637895010907,0.06156605015513392,-0.26132840772265536,-0.8632116011348431,0.7448826328396585,-0.2819770671401476,-0.23842755800061038,-0.45061383228663343
6.0,-0.6545677525383724,-0.6440316722292265,3.2099601460439624,0.546076115800162,-0.7540538948734822,-0.25676145475057804,-0.3029885242172238,-0.6768127536941734
5.0,-0.5758482125217611,3.752101582731144,-0.03676949063756339,0.4333325525426412,-0.9312378215330327,-0.24514301698800933,-0.26568502079983547,-0.075418440572904
10.0,0.9225225451359177,-0.6493713528775445,-0.3819171411050239,1.8611120370640912,-0.97753421494158,2.658198964360245,-0.42321996374284976,-1.0162289575022414
0.0,-0.5824878664633233,-0.018583860548972153,-0.14835119453795806,-0.8430446790795824,0.811812255348574,-0.2526903014029656,-0.3257782854076703,-0.32503812053857883
0.0,-0.5779299790941077,0.21802319691295896,-0.04566301839362469,-0.8695999534815912,0.7757011073088295,-0.25524638640818537,-0.2487092890264807,-0.3867223974137055
0.0,-0.5852852703654393,0.014884684761937633,-0.14682100832825495,-0.8128490326342492,0.8271439777482511,-0.24988215234701538,-0.10546583107514237,-0.23068425550190838
8.0,-0.6525151728994044,-0.7086333689311196,-0.7362584570286317,-1.124608536519221,-1.0713971147538845,-0.2680181527246503,-0.1477043288843783,-0.8259766298471914
10.0,1.3024659456328234,-0.6877968830676885,-0.22606078258974804,1.202105658076357,-0.9870056740111366,2.8605675486691946,-0.41424802579317205,-0.8550244130049102
4.0,-0.6352393688814065,-0.6520791278036703,-0.6089079569132271,0.8407935599604779,-0.9775915782291231,-0.2869305345846307,3.3970327900972253,-0.8853826564007772
10.0,1.305695505015155,-0.6545871708340218,-0.42617952591829317,1.0749079149910632,-0.9773612742612402,3.881036639994298,-0.42520419764160855,-1.0611307260834715
7.0,1.9100837942368183,-0.622067280235269,1.0486094019281087,1.5663132976749325,-0.9485714886475006,0.1734815057038207,-0.4537025652897272,-0.8164020281963091
6.0,-0.6521279885941479,-0.5392592051129497,3.500508826115536,0.8721199161823686,-0.698192791184946,-0.27757562875563346,-0.3533474199155802,-0.6939204796936724
0.0,-0.6026195922412227,0.2404402536105113,-0.11246678180274708,-0.8830025151052442,0.9043172503625228,-0.25868716241083567,-0.08956761573017696,-0.41470451800818897
6.0,-0.6491261867826651,-0.6091108541729251,2.491148477250654,0.6167471144778208,-0.7825426986317344,-0.2686680135924121,-0.343453381598559,-0.7398097587822294
5.0,-0.5886446487526062,3.984774889312115,-0.05550966389490987,0.4149611370388178,-0.9794837782555522,-0.2639298691646517,-0.2404950947639848,-0.21716056299919068
0.0,-0.579655316156697,0.0935338644408231,-0.276766611998723,-0.8355484462525161,1.0061541443429391,-0.24700232664831434,-0.19783704655028797,-0.2442670603642545
0.0,-0.5981605423984189,0.1449626426152938,-0.08125941507914691,-0.9021343364926436,0.5988155769110426,-0.24984966622015112,-0.2147317480206154,-0.4694462621395931
0.0,-0.5992358336127288,0.08184399348488514,-0.16170232966054546,-0.7763832011247815,0.8625079023363065,-0.24967052150387564,-0.16907307162446408,-0.2838933232989096
10.0,1.182981969304478,-0.6263532864437057,-0.4729549400120571,1.4681846702044328,-0.9739884737680549,3.2919759278952947,-0.34754845152930036,-0.9748036702330853
0.0,-0.5934695178120363,0.18847353095249803,-0.10478434908463521,-0.8430416882660131,0.8818448694991395,-0.23986222481004632,-0.13543386316318173,-0.3051456853367228
0.0,-0.5902945882146577,0.23101118126635323,-0.014430912357737677,-0.8472326383507791,0.7369530596857073,-0.26096241801774134,-0.14636593299450537,-0.4019138909027815
0.0,-0.6033678191129428,0.07660338544196439,-0.14423592233757848,-0.8557226629474165,0.6925094126517264,-0.2952432492631917,-0.05727897787904604,-0.37797073958228417
10.0,1.0481767631476093,-0.6307332446310709,-0.39040632181279294,1.1287454596401922,-0.9608800264825055,2.143324561479777,-0.38732751677807775,-0.8596721754777111
0.0,-0.5968295343792035,0.03695199318574477,-0.17466439652524968,-0.8674387906657498,0.8167718425602571,-0.2699797359978676,-0.11000233031862983,-0.7237105723622971
0.0,-0.5878882945025188,0.29908498624446966,-0.00814325470998091,-0.8317958707525988,1.057660711123594,-0.2562135308777421,-0.35610794298648996,-0.24047206508213992
6.0,-0.6510216321158566,-0.6469434729196052,2.863678817751914,0.8537497317196426,-0.6876044015957394,-0.28555658870392087,-0.28076458345845257,-0.6992990021926705
0.0,-0.5750798030123584,0.20493894469028442,-0.08189044549698465,-0.7827027277890387,0.8567499526904938,-0.26782683938673263,-0.20190249755044737,-0.38137421460238163
6.0,-0.6387556361656817,-0.655794919074253,3.3331154603796507,0.244755134470176,-0.7913375127139569,-0.2670120250436171,-0.24609728126586522,-0.7752690102699058
0.0,-0.621408749589572,0.09484780785766365,-0.21359710102666774,-0.7820226375965418,0.7289362820238859,-0.24925388415449734,-0.29217937281445167,-0.4025803894246738
4.0,-0.6519179279841917,-0.6220629621556706,-0.5015148349073592,1.202767702427861,-0.9719113585066683,-0.2750883027046847,3.2724059424588754,-0.8135583387496851
0.0,-0.6035389671696099,0.012820903354070046,-0.06879081952269216,-0.9281897394231867,0.6877597990352744,-0.241928063763754,-0.1424505375447621,-0.48289248528242423
6.0,-0.6303762237201976,-0.6980122769904237,3.4100948886996667,0.45754033318456044,-0.7491508917026805,-0.2820415957595476,-0.29789678645641054,-0.7532234490477208
5.0,-0.6035068638713619,3.3434573786610238,-0.09815875775661916,-0.10258521784253677,-1.0344380386918643,-0.24203548691571938,-0.12659128778756396,-0.30595765251289975
8.0,-0.6294289264226371,-0.6845078324441327,-0.641843551868906,-1.0884136839775052,-1.0814570170493496,-0.26152030276110677,-0.14213477849113348,-0.7247309365932257
6.0,-0.6336097111203196,-0.706676603017893,3.264351795908189,0.7739874522637734,-0.6913488851218155,-0.25968182509537924,-0.4709789774750435,-0.7294967764970683
9.0,-0.36040469647729606,0.9815722431542541,1.245690636597834,-0.3680655609228784,-0.9657517821396977,-0.24826655393158112,-0.2015410710233206,0.2677240902298693
6.0,-0.6229352219145207,-0.6056284517705852,2.8695444545316056,0.7189662486391704,-0.7444679127239677,-0.2798932857171331,-0.32394688117060483,-0.7024298438897336
10.0,1.022446759322097,-0.6133412268508697,-0.29773436385464186,1.0711978414628063,-0.9451523917363354,2.685513872625318,-0.42400973664782393,-0.9477527976252549
8.0,-0.6482238321913025,-0.6234880146367289,-0.607849514244417,-0.9015689457380496,-1.0654312578157057,-0.24845167682643815,-0.17895536958704206,-0.6941003726488392
4.0,-0.6572389697000143,-0.5885006725676187,-0.43347696348930664,0.902160277107383,-0.9434152128894518,-0.28599255397382295,3.274733450888018,-0.8085476971919299
10.0,0.9537531700483901,-0.6776691048751989,-0.43193476044707946,1.4119396909761135,-0.9725843976694682,1.801273415398919,-0.4100808424160067,-0.8273107120385511
4.0,-0.6419630770382634,-0.6542784796420346,-0.3543069883272689,1.0147626147490183,-0.9459684503930748,-0.24913389694635682,3.8909424132793706,-0.7676137847719894
0.0,-0.6268042099692877,0.05763357482444793,-0.15218235571128788,-0.8668817432937664,0.6611155621550834,-0.24280456974854014,-0.02463588612304432,-0.4552434217090588
6.0,-0.6367491552993059,-0.6463327681288928,3.6067380642604587,0.535498201590482,-0.7540052450528764,-0.2695414013876293,-0.3498445771324855,-0.7228708952773746
0.0,-0.5868121143274888,0.2022087297375199,-0.01554092375827916,-0.7925346328835063,1.0953357122225718,-0.22269036140111245,-0.18595737890213307,-0.39873517132910946
0.0,-0.5899089799661121,0.06565436128872941,-0.015104362904331078,-0.8235394072839879,0.9451640739913996,-0.22814294183128464,-0.12004252483056119,-0.5765451487953356
0.0,-0.5795314441393413,0.1666251576734297,-0.2207742824327192,-0.8162427555104982,1.0258926386903406,-0.2542672371684632,-0.1114694677304604,-0.4843109111857115
0.0,-0.5832231354030817,0.3582366241742065,0.06688866335123377,-0.8080705985177052,0.9601145465657287,-0.24794312010179412,-0.31996263684646686,-0.18355329483040836
6.0,-0.6283810899159843,-0.6226932661511055,3.449439965862731,0.6086723981185741,-0.7608544817201937,-0.25177398563791153,-0.30673798453885287,-0.7454752390850863
10.0,1.0388274064173517,-0.6118516647777481,-0.41186005701407746,1.3838421480838579,-0.9559976462034309,2.6332299525308196,-0.44176546078480344,-0.911754384684104
0.0,-0.5581608888823517,0.19720787385813504,-0.029142184714492758,-0.862750387598429,0.7755849102383356,-0.24450458645086554,-0.2200532649638457,-0.25568208251229346
0.0,-0.5876648980887523,0.24188304928855087,-0.07113509758913711,-0.8496663170468136,0.7159307611499247,-0.25242515558081546,-0.18358783622925653,-0.31244875443878956
0.0,-0.6218827286337999,0.19434906062916327,-0.16888929612419618,-0.8961613695720111,0.6085734025441266,-0.2417106651644689,-0.20999021997268152,-0.4089990069683477
4.0,-0.6714661895023925,-0.6325552004927328,-0.49870544133718375,0.9027225348823626,-0.9717417362548447,-0.2667160801117051,4.246193430131766,-0.8490094444015895
0.0,-0.5879809289752783,-0.044224598566678264,-0.18553928947041515,-0.9170276054741133,0.5832650535202915,-0.24181297845443106,-0.060536748707454804,-0.465810725769922
0.0,-0.578009203062718,0.17284362434801115,-0.040876420429712707,-0.8325714663123817,0.8112385383150263,-0.23869173985516895,-0.26563774529677114,-0.3922494188683374
8.0,-0.6275702076004294,-0.7329558593719724,-0.6089191901700108,-1.0414230948976786,-1.0681729519927494,-0.25302311267280037,-0.2782104819091076,-0.7825756779154254
5.0,-0.5915769730066612,4.386775824885815,0.19751624372779436,0.42500039061531303,-0.9525921756703837,-0.24153494770595277,-0.19643991935497163,-0.15185103358867297
0.0,-0.6190210110695179,0.0794168755045712,-0.1366890603774817,-0.8267594475214698,0.9924440515456927,-0.2680063083114328,-0.21578572558576942,-0.3378630303619545
0.0,-0.6099826861808503,0.10395115789345898,-0.09846145098680179,-0.8917300567115083,0.6137580432683054,-0.2766722052919975,0.19841942792470355,-0.27014457231942657
2.0,0.1044484651772041,1.7528846775893558,1.1778048636880765,0.9678699019480838,0.16038555858243825,-0.06377210159341427,0.2104903340345679,0.4263351606992112
0.0,-0.6322697879879513,0.13893198951745492,-0.15727655347133845,-0.7736386789613868,0.9984990524430964,-0.2743203592227265,-0.07931167006764853,-0.3873632096875002
9.0,-0.3244116529764718,0.9449777584027971,1.6418790362916784,-0.3230662279549964,-0.9617674027056499,-0.25253243215550986,-0.2788609775153494,0.5988205426788193
6.0,-0.6476458178417047,-0.6600151158282299,2.27812538814562,0.7009628192508932,-0.787534219644441,-0.2606762091395433,-0.3088766812616209,-0.7422206599131983
0.0,-0.5905121239743887,0.08478559434459218,-0.16851163618637943,-0.8743496750239035,0.6206547691998072,-0.24791868950794146,-0.06379443065030552,-0.4052657336456051
10.0,1.0366709661960494,-0.6391211884079758,-0.4453105684723335,1.0198824828595887,-0.9793833877190227,3.583169731794329,-0.3801014113782667,-0.9762090678071418
0.0,-0.6080689453436877,0.06791540833991475,-0.04304934229042809,-0.8506250606716053,0.7319062666660091,-0.25282130232450845,-0.06004176314354347,-0.31174084166540256
10.0,0.8894263617449165,-0.658904627909109,-0.3207827299677908,1.1486866064387837,-0.9590675585965449,3.6199065818789373,-0.4099442767146086,-1.0174979399225579
0.0,-0.5989043230812438,0.1562249462463414,-0.0676590310682944,-0.8307127239882783,0.7142643749069317,-0.2705591949515398,-0.1390729736038203,-0.24528114820953084
0.0,-0.6237718240081241,0.03265215709578684,-0.2070780907063794,-0.8387058850927309,0.680932971091629,-0.2530402469124756,-0.046454008622395224,-0.3365174006824462
4.0,-0.6418771922178232,-0.6648352828734281,-0.4430129415407569,0.8195815191406144,-0.9715238838142605,-0.26635862019112394,3.4040572808534213,-0.7812689080645419
0.0,-0.6068125486430346,0.32189985903559815,-0.07311794717297737,-0.8234592230628481,0.871850287412984,-0.26728118380078336,-0.09617088875911825,-0.37797311762539054
0.0,-0.6046851695902848,0.16145342016329842,-0.13731594163353417,-0.8627542373863498,0.7009709144535123,-0.2286365106244696,-0.07507044501768197,-0.453975326624642
0.0,-0.6385236103872504,0.10687607661234727,-0.16961475933225617,-0.9167253043981298,0.5790562508894372,-0.2775851856050506,-0.1267482418595831,-0.5239056175533132
0.0,-0.5568391923269936,0.31087391025988215,-0.05190391375524149,-0.7699078642911846,0.9649077365243117,-0.2709304955647409,-0.03456030589629738,-0.5317144564787076
0.0,-0.6006163357362705,0.30049246107064664,-0.08313861874917507,-0.8800210108209671,0.7606311406247327,-0.24406974741747026,-0.08333448448572588,-0.25406152147791045
0.0,-0.6061706203953922,0.14713211858705982,-0.0025726256484750326,-0.7915865850162723,1.0550603966776428,-0.24868224751781137,-0.11040662648246848,-0.3993345978047145
0.0,-0.5834491046899425,0.1359336399956485,-0.08081409442281631,-0.8363539263209748,0.6283096300350591,-0.2602252930622244,-0.2025701596101239,-0.3365403511797468
0.0,-0.5881144822587561,0.2591380816184,-0.09194100032705421,-0.8518138674591161,0.5909092953944628,-0.2520642137680679,-0.06808945109389115,-0.37356506920193466
0.0,-0.6112420163834063,0.0965441297220429,-0.2282194339456727,-0.8490483369137716,0.7257160966281295,-0.24626271522976503,-0.1523112800204744,-0.47533076217071574
0.0,-0.5965987828137469,0.23912809390594575,-0.27821031388390655,-0.8335335230809181,0.7770100229996197,-0.23845060557908812,-0.2519878371757142,-0.3338905018602985
4.0,-0.6453789922878952,-0.5906015011916134,-0.4849682434095998,1.2650042542603535,-0.9586571220073145,-0.281436850804649,3.2995262941315877,-0.832772795150379
9.0,-0.32560207804242297,1.1597458945340162,1.6338498598003277,-0.2717283496327346,-0.958242866598618,-0.26608769942527705,-0.23455187109693532,0.4548855026275392
0.0,-0.5857498834370201,0.27706253078376075,-0.2100977300828194,-0.9022951216849489,0.7487465681740841,-0.2371898118393863,-0.2991146137094797,-0.3763793654882231
0.0,-0.6010817649455594,0.19430454274314166,-0.10264409347218084,-0.8414041468815987,0.8486434925979635,-0.24231273561084204,-0.08439137639818008,-0.3431101070626715
0.0,-0.6013090771419349,0.20080849359306968,-0.1614281509299205,-0.8135692192551061,0.9328684721732015,-0.22136236054511452,-0.06638171804535134,-0.38540419282629057
6.0,-0.6288584471694573,-0.6908943177231243,3.2181471181512222,0.6723901830305322,-0.7193598204914761,-0.27081653934237115,-0.39969242472712774,-0.7642447193300214
9.0,-0.29865330675152785,1.1548781410567432,1.8474774718271953,-0.27136327044472097,-0.9255890097536518,-0.26168810351597727,-0.22105278034980466,0.6350074877200576
9.0,-0.382225928454533,0.9684652893913742,1.2251100745298167,-0.35985709940001687,-0.9818838224931292,-0.242153095958571,-0.13949758678961857,0.3964160849658514
6.0,-0.6321875632355175,-0.6749371522059309,3.826586693483521,0.6869651620238532,-0.7290246024443906,-0.2833669421427983,-0.27964846471996424,-0.7980296073917618
0.0,-0.587364079979853,0.18939090361817315,-0.14686748216352508,-0.8538970119216137,0.7003303168602502,-0.2379771944500301,-0.3327066203652032,-0.4408201919129394
0.0,-0.5865369758887606,0.2649915903403419,0.021141406163984314,-0.9162824012514438,0.6790607517646949,-0.2549026148349246,-0.2683375091311771,-0.33646382045373147
0.0,-0.6075343146530695,0.2279582987153188,-0.23433397488581686,-0.8566388724077779,0.7462431251979944,-0.26445611563180466,-0.21662627653522232,-0.44608043641928585
10.0,1.326691929708597,-0.6144179732532098,-0.36504022478640397,1.3936088506378252,-0.9592543379347437,3.4621721142697575,-0.46971829682093774,-0.9542098950322403
0.0,-0.6137680510230125,0.21483145376032356,-0.12302907516585479,-0.8350362103882313,0.5010637191186871,-0.24093206295874048,-0.09555265339557639,-0.2989534475267561
0.0,-0.5867530315811313,0.08436989279841552,-0.0948288981813361,-0.8926053101065065,0.619180446503359,-0.2498052345432654,-0.36438231609568333,-0.3554206529853462
0.0,-0.5843681226258657,0.30873673954822173,-0.03504974210601529,-0.8392057839377991,0.9680913166309514,-0.2520991938885905,-0.03758486203347064,-0.5093999945872314
4.0,-0.6330372774927436,-0.5940049658111791,-0.579250029233529,0.909286333394407,-0.977637911594358,-0.2854771662985211,3.0460504029723574,-0.8423526178430945
0.0,-0.5681715584160163,0.19459532191742152,-0.043549436575964676,-0.852814381827493,0.9606920219076308,-0.25194453270500966,-0.14579476239686362,-0.4229767637207178
0.0,-0.5934332017859913,0.1819113722010593,-0.23331799327196473,-0.7816910982428614,1.2678280560434112,-0.26633042225935066,-0.13923408475406965,-0.30564992630420734
0.0,-0.5934608025419029,0.17123531965153976,-0.06830173067693837,-0.793425966521107,0.8618726794316236,-0.2529288213719169,0.0380258123022926,-0.35374284812617995
10.0,1.1794450435672938,-0.6460513463485956,-0.34785986480735603,0.9796768383540172,-1.0199790921377265,3.8935489757852677,-0.33728986672889283,-1.001644698462508
0.0,-0.5876775949252814,0.27114250742394214,0.040801073136156066,-0.8288951240886379,1.1577987174574784,-0.24038762045577175,-0.03441705408268424,-0.3188348471186244
0.0,-0.5962476110813326,0.23179307860787035,-0.0029518311762157246,-0.8853667540497907,0.9822728223163719,-0.27895179381763646,-0.0873152500734159,-0.40524106434656626
0.0,-0.5758487126221901,0.22623918402184595,-0.06355177236572662,-0.8297828568394805,0.8665800296985104,-0.25256375642377255,-0.16023423816086435,-0.2292070357202545
8.0,-0.6678020333497631,-0.6799241591062701,-0.7398376337138136,-1.0487921434012073,-1.0779669502322986,-0.25011794984953867,-0.14320652052730454,-0.7358028616514728
9.0,-0.37677521481860604,0.6737417579348772,1.27555491309007,-0.2760928317003468,-0.9804519114662437,-0.23636575932349158,-0.23875642200159994,0.4225486164959731
0.0,-0.5904180680682394,-0.017801832166391057,-0.13005422246104228,-0.8881016180222033,0.76928810396658,-0.2489002063831256,0.04466329267270874,-0.3621136034017656
0.0,-0.601362733845784,0.2341594446133387,-0.06877961761968888,-0.7560184074981997,1.1112089975387929,-0.24399311958271416,-0.25684434560340597,-0.29293845125294904
8.0,-0.650311784711082,-0.6713100276943026,-0.6177454954077249,-0.9367447410772468,-1.0661515978216711,-0.26547527784302755,-0.18604743794675346,-0.7462979128656676
0.0,-0.618449145968556,0.17395421770377312,-0.1316649137728817,-0.7836133643008107,0.8047328953614951,-0.2663520506163406,-0.21567459198803882,-0.23521460043625653
0.0,-0.6048740615061375,0.03499986584847964,-0.17775170473349677,-0.8362420934902044,0.7040379987977657,-0.23328345554134666,-0.09951557835511958,-0.28220861109385825
0.0,-0.5801744357687274,0.34244006722998643,-0.06163211595556423,-0.8095786947189928,0.8419009875811867,-0.2350913314039386,-0.06393555003003284,-0.3060249127477216
0.0,-0.5901288620470523,0.11211747219421149,-0.02225071368574831,-0.8432520500314806,0.8535158028030146,-0.24774838230803833,-0.1365134825781397,-0.4340462323158563
0.0,-0.5925379122500976,0.12579272931040358,-0.18026199946116322,-0.8310299095407375,0.7077874682749189,-0.2398313517368419,-0.1887087764030806,-0.22993613319193915
5.0,-0.6130770225170845,4.179833948328052,-0.11140342938908361,0.17581457636407358,-0.991456880434572,-0.2574246126040924,-0.2511268387380967,-0.20917950120130582
7.0,1.715321164262386,-0.5946921666099367,1.1740253156212108,1.556101681215297,-0.965855709611655,0.08177038621999538,-0.40957111003240365,-0.7842096134206873
0.0,-0.6029766416565264,0.11839745140408098,-0.1344079820752948,-0.8301933953680962,0.7584808231412993,-0.24517155209717956,-0.23512210159809918,-0.2973846330152672
10.0,0.877248439193467,-0.6674417040883421,-0.43002857489557444,1.2641663086494033,-0.9408958494407674,2.9741021594386217,-0.36740609466027757,-0.9180212920101065
0.0,-0.5960226251064792,0.25634319520601795,-0.10226703860038808,-0.8474008229415366,0.7934647485984905,-0.2759992540402049,-0.265382401259745,-0.2946901765640362
0.0,-0.5917725564033374,0.32494654662633626,-0.01562358215487017,-0.8535609569960698,0.8228066690563528,-0.2396384997807193,-0.025158927957524474,-0.34354174548190064
4.0,-0.6127445286205944,-0.665473246349875,-0.5345370167656103,0.5831192585538221,-0.9845476511046912,-0.27707981386193875,2.906374232491773,-0.7843149727439354
6.0,-0.6347926400653735,-0.6622288447647947,3.371175021087196,0.6846028857239149,-0.7296317070610016,-0.2768872814837679,-0.26232873970925613,-0.7279137668929719
0.0,-0.5834434166362376,0.010415326450879586,-0.08511362911816904,-0.8408016844577914,0.6025687686349035,-0.2366728621412738,0.002382411040839444,-0.4935375140692214
0.0,-0.5780611595092093,0.36734030431614006,-0.06230631492091264,-0.8689285733699879,0.7773416635867278,-0.26482754463154684,-0.04889790121312218,-0.3687297212320546
4.0,-0.6642207363928496,-0.6770008454924044,-0.7111062825858023,1.043142348568005,-1.008118159504887,-0.2808819819650988,3.6518062234638666,-0.8319398592267963
0.0,-0.5985933601965789,0.21592055085050943,-0.1134105495298245,-0.8325422977323099,1.020774145319742,-0.24057883569508146,-0.08129009283256633,-0.5249241460657539
0.0,-0.6187703450033296,0.10080872297032184,-0.13540658846800796,-0.8775627797481349,0.6269744388309557,-0.2704337847094076,-0.16195287456576477,-0.34881405382131847
0.0,-0.5841792176122407,0.28864617518204416,-0.1421397341824078,-0.8522883727586588,0.9399300778508102,-0.26795644012848147,-0.11310501686195543,-0.49995238571702905
5.0,-0.6093932162002083,4.983840739087746,0.1538465609867179,0.4218091807159939,-0.9739581973735597,-0.23777251579136505,-0.1359013447057812,-0.233927455293729
0.0,-0.5831512992708813,0.1506070951143118,-0.12503926343272548,-0.8839395097495957,0.6475256400646536,-0.2594424656881413,0.07167623599566136,-0.5449905888785307
0.0,-0.5925492733022985,0.121227284354093,-0.05298625175064604,-0.8958813336425713,0.46228480312070663,-0.2677980182697371,-0.2660557327656513,-0.2885575099116737
0.0,-0.5910713459114489,0.2161066674075872,-0.17873048101836486,-0.8309065380831883,0.9365846366560833,-0.2417808252633119,-0.0961758961845954,-0.24294907346415825
3.0,-0.6103034482861505,-0.3046061886226179,7.395729051659886,0.25704699061437475,-0.7885606971910126,-0.04977369693836141,-0.3377843956027293,-0.8272924636171226
0.0,-0.6082208665489466,0.23998521555244628,-0.09335124370802597,-0.8427624183289231,0.8042669561083977,-0.23769375022088607,-0.2463132590807524,-0.339133001394054
0.0,-0.5906090587405812,0.14976899050637024,-0.14721683509376324,-0.8244116176269034,1.0118328316537282,-0.260821430494026,-0.38512671158364586,-0.3647102180343684
10.0,1.0709234076603649,-0.660218071425403,-0.42429112283057957,1.6807081826499863,-0.9520725763297628,1.9038681685797192,-0.4137800738433601,-0.972232049818946
0.0,-0.5965182622410383,0.2465112600319107,-0.0983184320244811,-0.8759064686239542,0.7907740374254089,-0.2516206141105355,-0.17192096350003944,-0.3661164989425246
8.0,-0.6307050136483713,-0.6717467901104418,-0.6314805528505348,-1.081402532499292,-1.0624419255792192,-0.25390135566650196,-0.18507206035038906,-0.7317633451729372
0.0,-0.6128262520502358,0.09764694190689861,-0.05372701181633609,-0.8344284779081019,0.948960596078669,-0.2547206726811475,-0.23838592126522953,-0.3456239203846917
7.0,1.810844720866454,-0.6657450434963738,1.5016006098925652,1.6226929500387297,-0.9841047274231984,0.4325740475889601,-0.3375999044829998,-0.7905627917423067
0.0,-0.5751619454900977,0.15880324487564376,-0.09435793059007261,-0.8175710624841175,0.8593501802700615,-0.2410526181029783,-0.25200546696734194,-0.3438923987065861
0.0,-0.6139116429989021,0.16883744550485685,-0.14803261187126335,-0.8750722863442664,0.7581652362322989,-0.23770480195687727,-0.22510357051147198,-0.4471767641073082
4.0,-0.6415422742428012,-0.5953954479235938,-0.6115153808375291,0.7643480709683077,-1.0031335258985155,-0.26062514227157024,3.576034467006273,-0.8382201968477245
4.0,-0.6404603569843073,-0.6194853818633342,-0.5638107047845617,0.9584299157514711,-0.9474084075785709,-0.2592243781557818,4.314835584150324,-0.877518476066897
0.0,-0.5853349178345797,0.19686875595438474,-0.14479537575155987,-0.8498516937061025,0.963540189178263,-0.25703237505118065,-0.229156320406884,-0.3714816130161611
0.0,-0.5775094941859911,0.2496448318412533,-0.23841310728090326,-0.8276321799703383,0.6593214089009042,-0.23928366662304526,-0.21336322245094974,-0.18586775998573196
10.0,0.8697081080778659,-0.6596591668360609,-0.42646749609639856,1.2108179041618465,-1.0008446551982542,2.8620417084782748,-0.33700194196465216,-0.9987829947870579
0.0,-0.6039156807910075,0.19654789378511636,-0.08167809317811017,-0.8094508492584942,0.8914301454678217,-0.2418951182668741,-0.1622066869293681,-0.40581936962935306
0.0,-0.5983423277122678,0.19702138243878098,-0.14393915048722078,-0.7507831021258448,0.8661179578328971,-0.23249500415694818,-0.24936158695135743,-0.2108642346351685
0.0,-0.59594314021184,0.1865312503879357,-0.14082867064444565,-0.8440307093728739,0.9600825377972528,-0.23034668396389957,-0.061514723166741364,-0.3403130072624951
3.0,-0.6120244090179513,-0.5415839951036057,8.337750802271612,-0.17361769136105099,-0.8894226461510383,0.015396452424305873,-0.3417492490227102,-0.8142389868272658
0.0,-0.595953701721508,0.21066036165449534,-0.11138769070051618,-0.8000950568325313,0.8594827090462243,-0.2529460005195815,-0.299359925858935,-0.269015800150149
0.0,-0.5999241470070659,0.23990086078382247,-0.11893525995397657,-0.8116133479200964,1.077761353371352,-0.26365097694462053,-0.3107319408149386,-0.34495693682409395
8.0,-0.6492154273381339,-0.7427033136120711,-0.6630194700215071,-1.050331876114872,-1.0680261594536884,-0.24588197744925358,-0.17179850032971972,-0.7496336977111889
6.0,-0.665517717457835,-0.649235776683468,2.937929373710772,0.7218768602289863,-0.6628819841085195,-0.27417628727439475,-0.35059392696043984,-0.8484804133821912
0.0,-0.5906832267472948,0.10403310925566203,-0.19787812508249022,-0.8287620027557716,0.9704456422735923,-0.26792494682730833,-0.17277262879730515,-0.4439183823391324
9.0,-0.3033589894875374,1.2245815863983116,1.7093308834992897,-0.363327465249481,-0.9531191448371373,-0.2743699614187247,-0.19074668228091068,0.6767062469601817
0.0,-0.6010902688042118,0.18949944120429163,-0.14986256372762752,-0.7888286454261333,0.7623183237041515,-0.24394077040524004,-0.13877217626239413,-0.4621551353562452
0.0,-0.5942545862003894,0.1325894504604472,-0.13574341875556717,-0.8514810313147267,0.9598275810179102,-0.2218620161897179,-0.15281844823184107,-0.39699863544434366
5.0,-0.5789557664835254,3.5719718788583092,-0.15178883078031857,0.21566976800086493,-0.973314345072314,-0.2444437315207202,-0.309747456404908,-0.29803475782062183
0.0,-0.6018215947766342,0.09193978241891097,-0.15740579642924915,-0.8049488106866606,0.8878627083893341,-0.23171989639111196,-0.17605752966640575,-0.5037210798179851
0.0,-0.5906811063648604,0.17109794035683623,-0.07053849531732617,-0.8987545696389244,0.619549102043665,-0.24286057613206863,-0.14291441284084333,-0.4339384520299624
0.0,-0.5985984556043639,0.17332353187572097,-0.04476887458170646,-0.8413072610083907,0.7628552790155213,-0.23655600599439613,-0.15277972216658608,-0.5279203634549547
